LogID,Timestamp,UserID,Role,Endpoint,HTTP_Response,endpoint_level_1,endpoint_level_2,endpoint_level_3,hour,day_of_week,is_unusual_time,is_internal_ip,is_authorized,HTTP_Method_DELETE,HTTP_Method_GET,HTTP_Method_HEAD,HTTP_Method_OPTIONS,HTTP_Method_PATCH,HTTP_Method_POST,HTTP_Method_PUT,role_risk,req_freq_5min,inventory_change_rate,role_encoded,endpoint_l1_encoded
f8cca9e8-176a-4afa-87aa-b028e227dd67,2025-06-13 22:20:46,1,Doctor,/patient/appointments/confirm,200,6,0,9418,22,4,1,1,0,0.0,1.0,0.0,0.0,0.0,0.0,0.0,0,0.0,0.0,1,6
c9a975db-c2d7-499d-a74b-5fd4fe7b36c6,2025-06-25 23:28:45,1,Doctor,/patient/appointments/cancel,500,6,0,9417,23,2,1,1,0,0.0,1.0,0.0,0.0,0.0,0.0,0.0,0,0.0,0.0,1,6
b0c77df5-a7ea-4fb1-b7d6-13be31a72c88,2025-06-23 15:56:28,3,Doctor,/patient/labs/5137,200,6,6,4047,15,0,0,1,1,0.0,1.0,0.0,0.0,0.0,0.0,0.0,0,0.0,0.0,1,6
882bf2ef-881e-43cf-b2fd-a8623113961a,2025-07-18 18:42:00,3,Doctor,/patient/labs/3628,200,6,6,2518,18,4,0,1,1,0.0,0.0,0.0,0.0,0.0,1.0,0.0,0,0.0,0.0,1,6
008cb8ce-d0c0-4f6c-a35c-e6770d2edb2d,2025-05-03 02:51:42,4,Doctor,/patient/labs/9913,302,6,6,9322,2,5,1,1,1,0.0,1.0,0.0,0.0,0.0,0.0,0.0,0,0.0,0.0,1,6
802db991-2b34-4f3b-ba1c-2ddc8bd5f3ac,2025-05-07 22:49:34,4,Doctor,/patient/appointments/cancel,200,6,0,9417,22,2,1,1,0,0.0,1.0,0.0,0.0,0.0,0.0,0.0,0,0.0,0.0,1,6
8995f391-8626-4481-8a1a-8b2d1e1ea617,2025-06-04 00:40:46,4,Doctor,/pharmacy/orders/7423,200,7,8,6583,0,2,1,1,1,0.0,0.0,0.0,0.0,0.0,1.0,0.0,0,0.0,0.0,1,7
bb517047-7beb-4684-a93a-117d61a3aaa6,2025-06-14 03:03:16,4,Doctor,/patient/appointments/confirm,200,6,0,9418,3,5,1,1,0,0.0,1.0,0.0,0.0,0.0,0.0,0.0,0,0.0,0.0,1,6
ddff5926-8931-444b-a427-17d16497b7cd,2025-06-27 17:50:46,4,Doctor,/lab/results/8109,200,4,11,7338,17,4,0,1,1,0.0,0.0,1.0,0.0,0.0,0.0,0.0,0,0.0,0.0,1,4
b4787b7a-5eba-485e-b375-8e3d194f1385,2025-06-23 02:28:33,5,Doctor,/patient/insurance/9156,200,6,3,8491,2,0,1,1,1,0.0,1.0,0.0,0.0,0.0,0.0,0.0,0,0.0,0.0,1,6
9fb77bbf-fcea-47e1-8a56-cdddf0e06d37,2025-07-12 01:18:47,6,Doctor,/patient/appointments/cancel,304,6,0,9417,1,5,1,1,0,0.0,1.0,0.0,0.0,0.0,0.0,0.0,0,0.0,0.0,1,6
6b3c6229-d32a-4cbf-bf03-e052301a9250,2025-06-02 19:17:56,9,Doctor,/patient/records/1075?export=true&limit=1000,302,6,9,76,19,0,0,1,1,0.0,0.0,0.0,0.0,0.0,1.0,0.0,0,0.0,0.0,1,6
4d11f0d6-e06d-4174-8b20-4ff8cfd45039,2025-04-21 18:45:43,10,Doctor,/claims/status/5795,500,2,14,4777,18,0,0,1,1,0.0,1.0,0.0,0.0,0.0,0.0,0.0,0,0.0,0.0,1,2
c9356476-ad7e-4dde-ae5e-a480437a7ae4,2025-05-28 02:12:19,10,Doctor,/pharmacy/orders/5299,200,7,8,4226,2,2,1,1,1,0.0,1.0,0.0,0.0,0.0,0.0,0.0,0,0.0,0.0,1,7
19ab9ab6-51f0-4573-a8c7-b0494c2c7794,2025-07-07 20:59:03,10,Doctor,/pharmacy/refills/7563,201,7,10,6737,20,0,0,1,1,0.0,0.0,0.0,0.0,0.0,1.0,0.0,0,0.0,0.0,1,7
4ec89f9d-e139-4bd5-8105-0093b1e80da2,2025-05-22 16:18:18,11,Doctor,/billing/invoices/4374?export=true&limit=500,200,1,4,9420,16,3,0,1,1,0.0,0.0,0.0,0.0,0.0,1.0,0.0,0,0.0,0.0,1,1
47528bec-168c-4f81-9189-9eba550251e0,2025-05-25 18:28:17,11,Doctor,/patient/insurance/9272,200,6,3,8619,18,6,0,1,1,0.0,1.0,0.0,0.0,0.0,0.0,0.0,0,0.0,0.0,1,6
5277ccd7-eb38-4df0-90b8-35cac22aff18,2025-06-09 01:45:23,11,Doctor,/pharmacy/orders/7782,200,7,8,6978,1,0,1,1,1,0.0,1.0,0.0,0.0,0.0,0.0,0.0,0,0.0,0.0,1,7
b60e8664-5e00-40c1-a7e0-dfc82bcb4e52,2025-07-18 22:50:37,11,Doctor,/patient/appointments/confirm,200,6,0,9418,22,4,1,1,0,0.0,1.0,0.0,0.0,0.0,0.0,0.0,0,0.0,0.0,1,6
16351ab6-5bbd-4df4-8857-c4c1a8bf3ff1,2025-05-18 18:30:23,12,Doctor,/patient/labs/6714,403,6,6,5799,18,6,0,1,1,0.0,0.0,0.0,0.0,0.0,1.0,0.0,0,0.0,0.0,1,6
d9a227e6-4e3b-46c7-9aa7-98c875d0db2f,2025-06-09 20:00:20,12,Doctor,/lab/tests/9337,302,4,15,8690,20,0,0,1,1,0.0,0.0,0.0,0.0,0.0,1.0,0.0,0,0.0,0.0,1,4
ccc09e49-5df3-44f0-a941-e9694fe64eb3,2025-07-03 22:59:17,12,Doctor,/lab/tests/8348,201,4,15,7601,22,3,1,1,1,0.0,0.0,0.0,1.0,0.0,0.0,0.0,0,0.0,0.0,1,4
a5a6459d-677f-4494-997a-2c33b7a96866,2025-04-24 16:12:15,13,Doctor,/pharmacy/orders/6627,403,7,8,5702,16,3,0,1,1,0.0,1.0,0.0,0.0,0.0,0.0,0.0,0,0.0,0.0,1,7
5d8c7d20-0744-40a4-afe0-499ddeeeef6a,2025-05-27 03:04:47,13,Doctor,/pharmacy/refills/6973,200,7,10,6086,3,1,1,1,1,0.0,1.0,0.0,0.0,0.0,0.0,0.0,0,0.0,0.0,1,7
02602eb8-2149-45e3-aaa8-d649e4fde6a6,2025-05-31 21:19:23,13,Doctor,/patient/records/3726?export=true&limit=1000,200,6,9,2615,21,5,1,1,1,0.0,0.0,0.0,0.0,0.0,1.0,0.0,0,0.0,0.0,1,6
cbeff6a6-b1ca-4e91-841d-773a41831c85,2025-07-20 05:56:23,13,Doctor,/patient/insurance/9811,302,6,3,9210,5,6,1,1,1,0.0,0.0,0.0,0.0,0.0,1.0,0.0,0,0.0,0.0,1,6
bd7630cc-75be-464a-8fb8-c5a5cbe980e3,2025-05-06 03:43:49,15,Doctor,/patient/appointments/confirm,201,6,0,9418,3,1,1,1,0,0.0,1.0,0.0,0.0,0.0,0.0,0.0,0,0.0,0.0,1,6
5d6a715a-51d6-45bf-8b57-d95912b7321e,2025-05-16 19:23:12,15,Doctor,/pharmacy/refills/9186,200,7,10,8524,19,4,0,1,1,0.0,0.0,0.0,0.0,0.0,1.0,0.0,0,0.0,0.0,1,7
bf1eca3e-02a3-4082-8a62-283b2c9c36b6,2025-05-04 20:54:02,16,Doctor,/claims/status/6618,200,2,14,5692,20,6,0,1,1,0.0,1.0,0.0,0.0,0.0,0.0,0.0,0,0.0,0.0,1,2
2e71298e-59ee-45c6-9f33-ccc51d13f821,2025-05-14 17:00:36,17,Doctor,/pharmacy/orders/5983,200,7,8,4986,17,2,0,1,1,0.0,1.0,0.0,0.0,0.0,0.0,0.0,0,0.0,0.0,1,7
7e379902-e35f-4b35-a36e-6ce7c6c418fc,2025-05-28 21:37:13,17,Doctor,/patient/appointments/677,500,6,0,5860,21,2,1,1,1,0.0,0.0,0.0,0.0,0.0,1.0,0.0,0,0.0,0.0,1,6
c4e148ff-adc9-4ec6-8fa8-0cb1321e8c38,2025-05-17 22:58:19,18,Doctor,/patient/insurance/6846,200,6,3,5945,22,5,1,1,1,0.0,1.0,0.0,0.0,0.0,0.0,0.0,0,0.0,0.0,1,6
4cff1371-0575-4bd7-83e5-efff250e1af1,2025-05-23 12:26:44,18,Doctor,/patient/appointments/confirm,200,6,0,9418,12,4,0,1,0,0.0,1.0,0.0,0.0,0.0,0.0,0.0,0,0.0,0.0,1,6
bfd598eb-2632-440f-bbc7-ee9721e96dca,2025-05-28 03:39:55,18,Doctor,/pharmacy/refills/6876,200,7,10,5978,3,2,1,1,1,0.0,1.0,0.0,0.0,0.0,0.0,0.0,0,0.0,0.0,1,7
cdc63bd8-a17a-4980-89b7-685ec6a2135a,2025-06-23 23:53:13,18,Doctor,/patient/labs/8114,200,6,6,7344,23,0,1,1,1,0.0,0.0,0.0,0.0,0.0,1.0,0.0,0,0.0,0.0,1,6
608773e7-ac08-4b11-9662-eb3a4f5776ac,2025-05-05 18:45:51,19,Doctor,/pharmacy/orders/7367,200,7,8,6521,18,0,0,1,1,0.0,0.0,0.0,0.0,0.0,1.0,0.0,0,0.0,0.0,1,7
afc4d79e-e23d-4702-a230-4f05a0f3a580,2025-05-11 17:10:13,19,Doctor,/claims/status/4628,302,2,14,3524,17,6,0,1,1,0.0,1.0,0.0,0.0,0.0,0.0,0.0,0,0.0,0.0,1,2
b330a818-effd-4b00-8395-57c5bf1f2aa5,2025-05-25 20:54:03,19,Doctor,/patient/labs/2850,200,6,6,9420,20,6,0,1,1,0.0,0.0,0.0,0.0,0.0,1.0,0.0,0,0.0,0.0,1,6
b056377f-98cc-43a2-bbda-c642c5cbf835,2025-07-08 01:54:35,19,Doctor,/pharmacy/orders/7746,200,7,8,6938,1,1,1,1,1,0.0,0.0,0.0,0.0,0.0,0.0,1.0,0,0.0,0.0,1,7
7a74a16b-9008-4036-a1c4-28829879b6f5,2025-06-02 21:59:32,20,Doctor,/pharmacy/orders/9303,200,7,8,8653,21,0,1,1,1,0.0,1.0,0.0,0.0,0.0,0.0,0.0,0,0.0,0.0,1,7
e53999d3-8da1-4138-b046-cd243e20ae16,2025-06-13 00:17:30,20,Doctor,/patient/labs/6341,200,6,6,5385,0,4,1,1,1,0.0,0.0,0.0,0.0,0.0,1.0,0.0,0,0.0,0.0,1,6
6b5e74ae-9544-4832-b687-6e609ccaa39b,2025-06-16 23:21:24,20,Doctor,/patient/appointments/confirm,200,6,0,9418,23,0,1,1,0,0.0,1.0,0.0,0.0,0.0,0.0,0.0,0,0.0,0.0,1,6
89f2f0e9-3096-4f86-8aa0-6f563daefb3b,2025-04-23 18:53:30,21,Nurse,/claims/status/3078,200,2,14,1966,18,2,0,1,1,0.0,1.0,0.0,0.0,0.0,0.0,0.0,0,0.0,0.0,2,2
026488c8-327d-4e0c-aaee-9b8621abae1d,2025-05-02 04:38:59,21,Nurse,/patient/labs/9022,200,6,6,8344,4,4,1,1,1,0.0,1.0,0.0,0.0,0.0,0.0,0.0,0,0.0,0.0,2,6
76b875ea-0b64-4293-a1c3-8e0fb4ae44a7,2025-06-26 05:29:40,21,Nurse,/patient/appointments/cancel,200,6,0,9417,5,3,1,1,1,0.0,0.0,0.0,0.0,0.0,0.0,1.0,0,0.0,0.0,2,6
20e0a8cd-0290-45b9-abb6-1b23a9fbad62,2025-07-02 10:12:26,21,Nurse,/pharmacy/orders/5574,403,7,8,4532,10,2,0,1,1,0.0,1.0,0.0,0.0,0.0,0.0,0.0,0,0.0,0.0,2,7
f128d150-4b5a-423c-9490-903e74f58d7b,2025-04-24 20:41:35,23,Nurse,/pharmacy/orders/6689,200,7,8,5770,20,3,0,1,1,0.0,1.0,0.0,0.0,0.0,0.0,0.0,0,0.0,0.0,2,7
3180d604-5f05-438d-ae91-423c0b5bffdb,2025-05-21 08:38:36,23,Nurse,/pharmacy/orders/5503,200,7,8,4454,8,2,0,1,1,0.0,0.0,0.0,0.0,0.0,0.0,1.0,0,0.0,0.0,2,7
35322fa0-e165-4a7a-9a48-34096bdd11dc,2025-06-08 21:56:54,23,Nurse,/claims/status/8146,200,2,14,7379,21,6,1,1,1,0.0,1.0,0.0,0.0,0.0,0.0,0.0,0,0.0,0.0,2,2
fcd61004-b6a2-45d0-94c3-e7e8295acbe9,2025-06-27 18:08:40,23,Nurse,/patient/appointments/confirm,200,6,0,9418,18,4,0,1,1,0.0,0.0,0.0,0.0,1.0,0.0,0.0,0,0.0,0.0,2,6
2eec0807-c99c-450c-a9f0-0906ca8723ad,2025-04-21 20:12:18,24,Nurse,/pharmacy/orders/7797,201,7,8,6994,20,0,0,1,1,0.0,1.0,0.0,0.0,0.0,0.0,0.0,0,0.0,0.0,2,7
2164e5bf-cbcb-48a8-b401-9616d27e1aa6,2025-05-30 01:17:40,24,Nurse,/patient/insurance/4874,200,6,3,3768,1,4,1,1,1,0.0,1.0,0.0,0.0,0.0,0.0,0.0,0,0.0,0.0,2,6
0a2ad983-ca2f-41b9-94d3-17d556037de2,2025-07-04 01:21:32,24,Nurse,/patient/insurance/9580,200,6,3,8958,1,4,1,1,1,0.0,0.0,0.0,0.0,0.0,1.0,0.0,0,0.0,0.0,2,6
d6ff0d03-acc8-47cd-878a-3563e828f638,2025-06-05 02:14:38,25,Nurse,/billing/invoices/7436?export=true&limit=500,200,1,4,6597,2,3,1,1,1,0.0,0.0,0.0,0.0,0.0,1.0,0.0,0,0.0,0.0,2,1
37dcc8df-4630-4234-898b-74d1e031a8c5,2025-07-04 21:37:39,25,Nurse,/claims/status/7998,200,2,14,7215,21,4,1,1,1,0.0,0.0,0.0,0.0,0.0,1.0,0.0,0,0.0,0.0,2,2
e5fdb915-f185-4245-a65a-351e09316ca7,2025-07-10 00:37:16,25,Nurse,/patient/appointments/cancel,304,6,0,9417,0,3,1,1,0,0.0,1.0,0.0,0.0,0.0,0.0,0.0,0,0.0,0.0,2,6
708a6de2-db7f-4f69-9abe-fad204410221,2025-06-16 00:21:53,26,Nurse,/pharmacy/orders/9235,200,7,8,8578,0,0,1,1,1,0.0,1.0,0.0,0.0,0.0,0.0,0.0,0,0.0,0.0,2,7
85e4fa78-bd8f-40ac-af90-fbbd0ff2361b,2025-07-05 21:51:52,26,Nurse,/patient/appointments/cancel,200,6,0,9417,21,5,1,1,1,0.0,0.0,0.0,0.0,0.0,1.0,0.0,0,0.0,0.0,2,6
a1059b6f-5310-409b-80cb-088c5b8c6792,2025-04-21 01:38:34,27,Nurse,/pharmacy/refills/9286,200,7,10,8634,1,0,1,1,1,0.0,1.0,0.0,0.0,0.0,0.0,0.0,0,0.0,0.0,2,7
4abfd4f2-4f1e-47bf-b8d8-7e1821400b44,2025-05-21 23:54:16,27,Nurse,/lab/results/7421,201,4,11,6581,23,2,1,1,1,0.0,0.0,1.0,0.0,0.0,0.0,0.0,0,0.0,0.0,2,4
ffcc3efb-9cb1-45c5-8668-935dfa2d7a81,2025-06-26 20:27:27,27,Nurse,/pharmacy/orders/9057,201,7,8,8382,20,3,0,1,1,0.0,0.0,0.0,0.0,0.0,1.0,0.0,0,0.0,0.0,2,7
8ad1d6b1-7e55-4e9f-bb78-c1246fd80321,2025-07-14 11:22:26,27,Nurse,/pharmacy/orders/8339,200,7,8,7591,11,0,0,1,1,0.0,1.0,0.0,0.0,0.0,0.0,0.0,0,0.0,0.0,2,7
2b5dbf75-70fa-49f8-86c8-d7c42b573199,2025-05-05 02:30:15,28,Nurse,/patient/insurance/8939,200,6,3,8251,2,0,1,1,1,0.0,1.0,0.0,0.0,0.0,0.0,0.0,0,0.0,0.0,2,6
28c59a6d-54e4-45e0-89c7-e1016891e235,2025-07-11 23:01:15,28,Nurse,/patient/appointments/cancel,200,6,0,9417,23,4,1,1,0,0.0,1.0,0.0,0.0,0.0,0.0,0.0,0,0.0,0.0,2,6
3dd9442a-1665-4d04-9c64-23cbbcf5ef42,2025-07-18 22:14:50,28,Nurse,/claims/status/6294,200,2,14,5332,22,4,1,1,1,0.0,1.0,0.0,0.0,0.0,0.0,0.0,0,0.0,0.0,2,2
0bd677bc-924f-4785-be3c-7bda4507dd55,2025-06-04 16:30:54,29,Nurse,/patient/appointments/648,500,6,0,5538,16,2,0,1,1,1.0,0.0,0.0,0.0,0.0,0.0,0.0,0,0.0,0.0,2,6
2538d171-370f-4e90-867a-448c9951c002,2025-06-24 05:59:30,29,Nurse,/patient/insurance/1456,201,6,3,431,5,1,1,1,1,0.0,1.0,0.0,0.0,0.0,0.0,0.0,0,0.0,0.0,2,6
553a17f4-4015-4f4b-8a2a-374fc381d9d6,2025-04-27 21:44:25,31,Nurse,/patient/labs/4165,200,6,6,3057,21,6,1,1,1,0.0,0.0,0.0,0.0,0.0,0.0,1.0,0,0.0,0.0,2,6
27208da7-cad0-48f0-bc1f-8534c7a2d7e4,2025-04-28 21:47:03,31,Nurse,/pharmacy/orders/5788,200,7,8,4769,21,0,1,1,1,0.0,1.0,0.0,0.0,0.0,0.0,0.0,0,0.0,0.0,2,7
0861b7c8-ed0b-4680-9258-dfa5a29a9166,2025-05-26 00:46:35,31,Nurse,/patient/insurance/5935,200,6,3,4933,0,0,1,1,1,0.0,1.0,0.0,0.0,0.0,0.0,0.0,0,0.0,0.0,2,6
d3deec71-55f9-4860-a21b-c9203ebf2546,2025-06-13 01:05:41,31,Nurse,/claims/status/4694,302,2,14,3589,1,4,1,1,1,0.0,0.0,0.0,0.0,0.0,1.0,0.0,0,0.0,0.0,2,2
ea88e306-7c40-47c1-82ab-6c72caa9a1e5,2025-06-27 21:38:59,31,Nurse,/patient/insurance/5661,200,6,3,4629,21,4,1,0,1,0.0,1.0,0.0,0.0,0.0,0.0,0.0,0,0.0,0.0,2,6
f76fcdcd-7107-4fe1-81bd-0474870bb20a,2025-07-07 16:01:34,31,Nurse,/patient/labs/1073,201,6,6,74,16,0,0,1,1,0.0,1.0,0.0,0.0,0.0,0.0,0.0,0,0.0,0.0,2,6
0beff3f6-bb4f-4808-a563-5ab388e4b308,2025-04-25 03:17:26,32,Nurse,/patient/labs/4734,201,6,6,3630,3,4,1,0,1,0.0,1.0,0.0,0.0,0.0,0.0,0.0,0,0.0,0.0,2,6
64bc1d11-1747-4922-9a30-ac25572928a9,2025-05-01 15:10:17,32,Nurse,/patient/appointments/cancel,200,6,0,9417,15,3,0,1,1,0.0,0.0,0.0,0.0,0.0,1.0,0.0,0,0.0,0.0,2,6
5faa4de9-df32-42c2-b06d-88aa8159ba01,2025-05-03 20:39:58,32,Nurse,/claims/status/8549,200,2,14,7822,20,5,0,1,1,0.0,0.0,0.0,0.0,0.0,1.0,0.0,0,0.0,0.0,2,2
49468af5-a33a-47f3-918a-95627612d854,2025-05-05 18:32:45,32,Nurse,/claims/status/9036,200,2,14,8359,18,0,0,1,1,0.0,0.0,0.0,0.0,0.0,1.0,0.0,0,0.0,0.0,2,2
12199656-e743-49ee-a991-2d08add52682,2025-05-10 18:40:19,32,Nurse,/patient/labs/4465,403,6,6,3359,18,5,0,1,1,0.0,1.0,0.0,0.0,0.0,0.0,0.0,0,0.0,0.0,2,6
c46f76d7-6813-4341-bedd-844b4115484d,2025-06-05 21:52:58,32,Nurse,/patient/labs/5965,200,6,6,4966,21,3,1,1,1,0.0,1.0,0.0,0.0,0.0,0.0,0.0,0,0.0,0.0,2,6
8f36b74f-eafe-47e9-9287-e7a5c2a87a43,2025-07-07 19:50:51,32,Nurse,/patient/appointments/cancel,201,6,0,9417,19,0,0,1,0,0.0,1.0,0.0,0.0,0.0,0.0,0.0,0,0.0,0.0,2,6
25306e53-0e17-4da4-bfb3-bbe58e182c89,2025-04-22 02:19:04,33,Nurse,/claims/status/5703,200,2,14,4676,2,1,1,1,1,0.0,0.0,0.0,0.0,0.0,1.0,0.0,0,0.0,0.0,2,2
c8f70068-d9d8-45b9-98b9-2fc5d5b144e8,2025-05-31 23:08:29,33,Nurse,/claims/status/7273,200,2,14,6418,23,5,1,1,1,0.0,1.0,0.0,0.0,0.0,0.0,0.0,0,0.0,0.0,2,2
9af0ffb9-9abf-4bfd-b9ac-ef148c15dc81,2025-06-09 21:20:31,33,Nurse,/patient/appointments/confirm,200,6,0,9418,21,0,1,1,1,0.0,0.0,0.0,0.0,0.0,1.0,0.0,0,0.0,0.0,2,6
2ccbd410-dde1-44c0-9813-cba94120a584,2025-04-29 23:59:50,34,Nurse,/lab/results/7227,200,4,11,6367,23,1,1,1,1,0.0,0.0,0.0,0.0,0.0,0.0,1.0,0,0.0,0.0,2,4
07e4c179-f3cd-4f19-bb2a-f56ab3b2a2ed,2025-06-03 19:03:37,34,Nurse,/patient/appointments/confirm,200,6,0,9418,19,1,0,1,0,0.0,1.0,0.0,0.0,0.0,0.0,0.0,0,0.0,0.0,2,6
665d60fd-f867-4650-b455-80f4d5248b50,2025-06-24 01:26:16,34,Nurse,/pharmacy/orders/5465,500,7,8,4411,1,1,1,1,1,0.0,1.0,0.0,0.0,0.0,0.0,0.0,0,0.0,0.0,2,7
011341d4-2a5b-4c34-9d4e-56892b14b45d,2025-07-18 02:54:35,34,Nurse,/claims/status/3998,200,2,14,2887,2,4,1,1,1,0.0,1.0,0.0,0.0,0.0,0.0,0.0,0,0.0,0.0,2,2
efd90b92-2eda-4382-a344-c92cb2b377f5,2025-05-04 19:28:45,35,Nurse,/patient/insurance/5200,302,6,3,4118,19,6,0,1,1,0.0,1.0,0.0,0.0,0.0,0.0,0.0,0,0.0,0.0,2,6
a07d2846-0bcc-48ca-8b5c-f20813ccce0b,2025-05-07 01:48:19,35,Nurse,/patient/labs/3423,200,6,6,2314,1,2,1,1,1,0.0,0.0,0.0,0.0,0.0,1.0,0.0,0,0.0,0.0,2,6
ad104f4b-4005-4b28-b6b4-21a3cdb47bad,2025-05-18 03:42:12,35,Nurse,/patient/appointments/confirm,200,6,0,9418,3,6,1,1,0,0.0,1.0,0.0,0.0,0.0,0.0,0.0,0,0.0,0.0,2,6
66dacd6b-310e-4f8d-8176-3a7cbeed5c61,2025-06-03 00:44:29,35,Nurse,/patient/appointments/891,200,6,0,8219,0,1,1,1,1,0.0,0.0,0.0,0.0,0.0,1.0,0.0,0,0.0,0.0,2,6
451f71bf-351a-4077-ac86-b94e0c3415f5,2025-07-11 00:27:18,35,Nurse,/pharmacy/refills/5728,200,7,10,4703,0,4,1,1,1,0.0,1.0,0.0,0.0,0.0,0.0,0.0,0,0.0,0.0,2,7
d10bee06-2ca7-4187-81d5-1475267d9d03,2025-06-14 12:04:39,36,Nurse,/patient/appointments/cancel,200,6,0,9417,12,5,0,1,0,0.0,1.0,0.0,0.0,0.0,0.0,0.0,0,0.0,0.0,2,6
37f813c3-4b4f-4595-abe7-3f5a5d997f37,2025-07-04 22:39:45,36,Nurse,/pharmacy/refills/5671,200,7,10,4640,22,4,1,1,1,0.0,1.0,0.0,0.0,0.0,0.0,0.0,0,0.0,0.0,2,7
e72beb10-f03c-4d61-b117-e82eb4d14db3,2025-05-21 12:28:50,37,Nurse,/patient/records/8866?export=true&limit=1000,403,6,9,8171,12,2,0,1,1,0.0,0.0,0.0,1.0,0.0,0.0,0.0,0,0.0,0.0,2,6
d51b8f24-1a7f-4031-a1cf-7c18d4779af3,2025-05-21 17:39:06,37,Nurse,/billing/invoices/7199?export=true&limit=500,200,1,4,6336,17,2,0,1,1,0.0,0.0,0.0,1.0,0.0,0.0,0.0,0,0.0,0.0,2,1
b88d7df7-ce09-4212-9af6-4234f2a12084,2025-05-23 15:25:49,37,Nurse,/patient/insurance/3905,200,6,3,2795,15,4,0,1,1,0.0,1.0,0.0,0.0,0.0,0.0,0.0,0,0.0,0.0,2,6
afe48c0d-c306-496f-844d-3a610389155f,2025-05-25 01:06:34,37,Nurse,/claims/status/5220,200,2,14,4140,1,6,1,1,1,0.0,1.0,0.0,0.0,0.0,0.0,0.0,0,0.0,0.0,2,2
aba6c6d8-5533-42c4-b9a4-711f4dd02d8b,2025-06-05 22:47:09,37,Nurse,/pharmacy/refills/8125,200,7,10,7356,22,3,1,1,1,0.0,0.0,0.0,1.0,0.0,0.0,0.0,0,0.0,0.0,2,7
d0fd83ea-3097-4a65-aa22-2def3f4ba1f6,2025-06-08 20:49:21,37,Nurse,/patient/appointments/confirm,200,6,0,9418,20,6,0,1,0,0.0,1.0,0.0,0.0,0.0,0.0,0.0,0,0.0,0.0,2,6
98a51bfa-f1b3-4127-bde0-6b922c3d3460,2025-07-04 13:48:29,37,Nurse,/lab/tests/8445,200,4,15,7708,13,4,0,1,1,0.0,0.0,0.0,0.0,0.0,1.0,0.0,0,0.0,0.0,2,4
78ac28e4-201f-42f0-b3bf-70a123b15b85,2025-05-07 23:08:47,38,Nurse,/patient/labs/7346,403,6,6,6498,23,2,1,1,1,0.0,1.0,0.0,0.0,0.0,0.0,0.0,0,0.0,0.0,2,6
bf8ae77c-8b8b-439b-a4ba-b6140a2b1501,2025-07-13 21:45:32,38,Nurse,/claims/status/5340,200,2,14,4273,21,6,1,1,1,0.0,1.0,0.0,0.0,0.0,0.0,0.0,0,0.0,0.0,2,2
34a028bb-fd55-4714-bf1c-d0618975f5d0,2025-05-24 16:45:44,39,Nurse,/patient/labs/4873,200,6,6,3767,16,5,0,1,1,0.0,1.0,0.0,0.0,0.0,0.0,0.0,0,0.0,0.0,2,6
afc4e89e-0b54-4199-84fa-ff252da34628,2025-06-04 01:24:37,39,Nurse,/patient/insurance/3372,200,6,3,2262,1,2,1,1,1,0.0,0.0,0.0,0.0,1.0,0.0,0.0,0,0.0,0.0,2,6
1266c355-d715-4347-85ec-91a7da0fd6db,2025-07-04 00:23:39,39,Nurse,/pharmacy/orders/7159,200,7,8,6292,0,4,1,1,1,0.0,1.0,0.0,0.0,0.0,0.0,0.0,0,0.0,0.0,2,7
02a4c5ce-39d1-4afd-8b90-d12bb43971ca,2025-05-04 17:37:26,40,Nurse,/patient/records/6387?export=true&limit=1000,200,6,9,5435,17,6,0,1,1,0.0,0.0,0.0,0.0,0.0,1.0,0.0,0,0.0,0.0,2,6
ba54843f-2e89-4e4e-8e3e-9933a6b9bdc9,2025-05-08 22:00:58,40,Nurse,/claims/status/3673,200,2,14,2562,22,3,1,1,1,0.0,1.0,0.0,0.0,0.0,0.0,0.0,0,0.0,0.0,2,2
2c7e6e74-b783-40e5-9490-9dde423faf3c,2025-06-08 19:38:59,40,Nurse,/patient/records/2909?export=true&limit=1000,500,6,9,1802,19,6,0,1,1,0.0,0.0,0.0,0.0,0.0,1.0,0.0,0,0.0,0.0,2,6
632ce769-6e9b-4e5f-bc51-4013ad436e70,2025-07-01 01:39:14,40,Nurse,/patient/appointments/confirm,201,6,0,9418,1,1,1,1,1,0.0,0.0,0.0,0.0,0.0,1.0,0.0,0,0.0,0.0,2,6
e92a2779-1d9f-4ac9-b012-8a9b3d40db2b,2025-07-15 18:16:05,40,Nurse,/patient/insurance/7666,200,6,3,6850,18,1,0,1,1,0.0,1.0,0.0,0.0,0.0,0.0,0.0,0,0.0,0.0,2,6
20dc7ded-4374-45b3-91ce-e6ad1cbbf37e,2025-05-11 15:01:07,41,Nurse,/pharmacy/refills/9916,200,7,10,9325,15,6,0,1,1,0.0,0.0,0.0,0.0,0.0,1.0,0.0,0,0.0,0.0,2,7
4299565d-438c-40e7-9d31-a8a48bf4fe8e,2025-05-17 04:59:45,41,Nurse,/patient/appointments/cancel,200,6,0,9417,4,5,1,1,0,0.0,1.0,0.0,0.0,0.0,0.0,0.0,0,0.0,0.0,2,6
3946bdd8-ae34-4e56-a1fb-76ab6da975d7,2025-06-02 02:43:07,42,Nurse,/pharmacy/orders/5467,500,7,8,4413,2,0,1,1,1,0.0,1.0,0.0,0.0,0.0,0.0,0.0,0,0.0,0.0,2,7
c9961189-b85c-4d68-920f-d92f107e52e6,2025-06-13 03:07:29,42,Nurse,/claims/status/7753,200,2,14,6946,3,4,1,1,1,0.0,0.0,1.0,0.0,0.0,0.0,0.0,0,0.0,0.0,2,2
8bf8144f-4d89-4271-91b9-b27ecfa972dd,2025-06-15 02:33:50,42,Nurse,/patient/appointments/confirm,302,6,0,9418,2,6,1,1,0,0.0,1.0,0.0,0.0,0.0,0.0,0.0,0,0.0,0.0,2,6
f9449a33-b52e-4c3e-a43a-6c874e161a99,2025-06-16 17:03:03,42,Nurse,/patient/appointments/confirm,200,6,0,9418,17,0,0,1,0,0.0,1.0,0.0,0.0,0.0,0.0,0.0,0,0.0,0.0,2,6
a8202520-6c4f-4bfd-a9f8-39db55061d6c,2025-07-19 17:58:28,42,Nurse,/pharmacy/orders/9721,403,7,8,9111,17,5,0,1,1,0.0,1.0,0.0,0.0,0.0,0.0,0.0,0,0.0,0.0,2,7
7eab65b6-a829-47d0-a643-096ba741d103,2025-04-29 21:51:04,43,Nurse,/patient/appointments/confirm,403,6,0,9418,21,1,1,1,0,0.0,1.0,0.0,0.0,0.0,0.0,0.0,0,0.0,0.0,2,6
fb0ea59c-b431-4b85-af76-c7eb0bf2df8a,2025-06-19 00:37:05,43,Nurse,/lab/results/8148,200,4,11,7381,0,3,1,1,1,0.0,0.0,0.0,0.0,0.0,1.0,0.0,0,0.0,0.0,2,4
da91422c-fc59-4c3c-b2ff-a04e51e3bb8c,2025-07-19 23:18:35,43,Nurse,/claims/status/8471,200,2,14,7737,23,5,1,1,1,1.0,0.0,0.0,0.0,0.0,0.0,0.0,0,0.0,0.0,2,2
aca51093-02da-46bf-bf05-15d567330549,2025-05-16 11:14:41,44,Nurse,/billing/invoices/7696?export=true&limit=500,200,1,4,6883,11,4,0,1,1,0.0,0.0,0.0,0.0,0.0,0.0,1.0,0,0.0,0.0,2,1
64a774bf-9b3e-4878-b0fb-4f53a391cb53,2025-05-26 11:51:06,44,Nurse,/patient/insurance/7074,200,6,3,6199,11,0,0,1,1,0.0,1.0,0.0,0.0,0.0,0.0,0.0,0,0.0,0.0,2,6
68f238f0-b4ca-4998-a239-8a0d5eced7e7,2025-06-28 00:08:14,44,Nurse,/pharmacy/refills/7365,403,7,10,6519,0,5,1,1,1,0.0,1.0,0.0,0.0,0.0,0.0,0.0,0,0.0,0.0,2,7
00aad4de-2b4e-460e-96ee-989849b08386,2025-07-06 02:40:23,44,Nurse,/patient/insurance/4799,200,6,3,3693,2,6,1,1,1,0.0,1.0,0.0,0.0,0.0,0.0,0.0,0,0.0,0.0,2,6
376fb3e1-4e4c-4bed-a1a7-cab1fad24341,2025-07-11 17:19:16,44,Nurse,/patient/appointments/confirm,201,6,0,9418,17,4,0,1,1,0.0,0.0,0.0,1.0,0.0,0.0,0.0,0,0.0,0.0,2,6
539d6771-f08f-4cd2-aa36-37368b7cb4ce,2025-07-17 20:57:57,44,Nurse,/patient/appointments/confirm,200,6,0,9418,20,3,0,1,0,0.0,1.0,0.0,0.0,0.0,0.0,0.0,0,0.0,0.0,2,6
6fa3f1f6-fc3a-40ac-815e-c1c0e5065995,2025-05-06 00:08:59,45,Nurse,/claims/status/7580,200,2,14,6756,0,1,1,1,1,0.0,0.0,0.0,1.0,0.0,0.0,0.0,0,0.0,0.0,2,2
afdffbb3-d4dc-4d3c-af28-85e07c5a70f1,2025-05-16 20:19:40,46,Staff,/claims/status/6474,200,2,14,5532,20,4,0,1,1,0.0,0.0,0.0,0.0,1.0,0.0,0.0,0,0.0,0.0,3,2
725afbb5-e381-43eb-993e-fcd92cfff049,2025-05-23 21:41:16,46,Staff,/billing/invoices/2330?export=true&limit=500,200,1,4,1247,21,4,1,1,1,0.0,0.0,0.0,0.0,0.0,1.0,0.0,0,0.0,0.0,3,1
147022f6-b981-4570-aff2-48be4afdc0b6,2025-07-05 23:46:20,46,Staff,/billing/invoices/9064?export=true&limit=500,200,1,4,8390,23,5,1,1,1,0.0,0.0,0.0,0.0,0.0,1.0,0.0,0,0.0,0.0,3,1
7aab4712-cded-47ed-a620-9f3b4462dea4,2025-05-05 15:42:51,47,Staff,/lab/results/9094,200,4,11,8423,15,0,0,1,1,0.0,0.0,0.0,0.0,0.0,1.0,0.0,0,0.0,0.0,3,4
b49aab87-08b5-4483-8fd9-ed8d6abcd2e0,2025-05-22 14:47:20,47,Staff,/patient/scheduling,403,6,12,9419,14,3,0,1,1,0.0,1.0,0.0,0.0,0.0,0.0,0.0,0,0.0,0.0,3,6
517795b7-8b09-45c4-8dd6-d2c109a53f12,2025-06-27 02:04:27,47,Staff,/claims/status/8612,200,2,14,7892,2,4,1,1,1,0.0,1.0,0.0,0.0,0.0,0.0,0.0,0,0.0,0.0,3,2
661e9ee7-bb3f-4041-87ec-8401d07817eb,2025-07-03 12:21:37,47,Staff,/pharmacy/refills/8365,200,7,10,7620,12,3,0,1,1,0.0,1.0,0.0,0.0,0.0,0.0,0.0,0,0.0,0.0,3,7
e38c2821-7c2f-473a-b832-953e9ba2b959,2025-07-05 21:50:14,47,Staff,/pharmacy/orders/7537,403,7,8,6708,21,5,1,1,1,0.0,1.0,0.0,0.0,0.0,0.0,0.0,0,0.0,0.0,3,7
84286a5e-03f5-4136-b514-da61bffdec45,2025-07-12 20:47:06,47,Staff,/patient/scheduling,200,6,12,9419,20,5,0,1,1,0.0,1.0,0.0,0.0,0.0,0.0,0.0,0,0.0,0.0,3,6
65db48b8-6e08-4913-8457-005b16a44387,2025-04-24 20:13:29,48,Staff,/patient/scheduling,500,6,12,9419,20,3,0,1,1,0.0,1.0,0.0,0.0,0.0,0.0,0.0,0,0.0,0.0,3,6
416b5f30-4ef4-41fd-b234-8d41bebc78e9,2025-06-05 19:37:29,48,Staff,/claims/status/4049,200,2,14,2940,19,3,0,1,1,0.0,0.0,0.0,0.0,0.0,1.0,0.0,0,0.0,0.0,3,2
5f277f36-b1d0-476b-8d22-167499646f4d,2025-07-11 12:13:46,48,Staff,/pharmacy/orders/9890,200,7,8,9297,12,4,0,1,1,0.0,0.0,0.0,0.0,0.0,1.0,0.0,0,0.0,0.0,3,7
9122b063-3a63-4d05-a1c3-ae0a33488f82,2025-04-21 16:23:00,49,Staff,/pharmacy/refills/7219,200,7,10,6358,16,0,0,1,1,0.0,1.0,0.0,0.0,0.0,0.0,0.0,0,0.0,0.0,3,7
b7b3513a-dbe7-40a6-9111-5cf5bc6ade9b,2025-05-05 02:32:07,49,Staff,/pharmacy/refills/7449,200,7,10,6611,2,0,1,1,1,0.0,1.0,0.0,0.0,0.0,0.0,0.0,0,0.0,0.0,3,7
fc8e8691-e42a-4464-9204-37ca0f7972d9,2025-05-08 02:57:38,49,Staff,/claims/status/7024,500,2,14,6144,2,3,1,1,1,0.0,1.0,0.0,0.0,0.0,0.0,0.0,0,0.0,0.0,3,2
5e5567b3-377f-46e2-b2bd-b291593dcdfd,2025-06-12 20:27:52,49,Staff,/pharmacy/orders/7694,200,7,8,6881,20,3,0,1,1,0.0,1.0,0.0,0.0,0.0,0.0,0.0,0,0.0,0.0,3,7
eddab605-69d4-4733-8527-cd839290be41,2025-06-20 01:46:21,49,Staff,/billing/invoices/2750?export=true&limit=500,201,1,4,9420,1,4,1,1,1,0.0,0.0,1.0,0.0,0.0,0.0,0.0,0,0.0,0.0,3,1
97542baa-da79-4d14-83ca-42af54bd5fec,2025-07-16 03:03:55,49,Staff,/lab/results/7381,200,4,11,6537,3,2,1,1,1,0.0,0.0,0.0,0.0,0.0,1.0,0.0,0,0.0,0.0,3,4
07ad6925-45f8-421c-b4cc-2ad67ac15bac,2025-04-23 18:45:27,50,Staff,/claims/status/8308,200,2,14,7557,18,2,0,1,1,0.0,1.0,0.0,0.0,0.0,0.0,0.0,0,0.0,0.0,3,2
aff9fca4-d0a7-4ecb-bf69-61d23c3739b6,2025-05-29 02:31:20,51,Staff,/claims/status/8923,200,2,14,8234,2,3,1,1,1,0.0,1.0,0.0,0.0,0.0,0.0,0.0,0,0.0,0.0,3,2
11a0bd40-0d1e-4857-a1a5-ba03be5fd887,2025-05-31 01:35:11,51,Staff,/lab/results/7868,200,4,11,7072,1,5,1,1,1,0.0,0.0,0.0,0.0,0.0,0.0,1.0,0,0.0,0.0,3,4
107e8224-0ada-4e54-8f85-aa07c13a1161,2025-06-24 18:56:37,51,Staff,/lab/results/7041,200,4,11,6163,18,1,0,1,1,0.0,0.0,0.0,0.0,0.0,1.0,0.0,0,0.0,0.0,3,4
ddf4ae09-f402-43db-891a-4c79c3dc2629,2025-06-27 12:43:46,51,Staff,/patient/scheduling,200,6,12,9419,12,4,0,1,1,0.0,1.0,0.0,0.0,0.0,0.0,0.0,0,0.0,0.0,3,6
7549664f-2eaf-41d1-90a8-cd3b81eaf679,2025-07-01 20:13:59,51,Staff,/patient/scheduling,200,6,12,9419,20,1,0,1,1,0.0,0.0,0.0,0.0,1.0,0.0,0.0,0,0.0,0.0,3,6
07431708-f8f9-412d-9891-9a738754d992,2025-05-09 01:29:49,52,Staff,/pharmacy/refills/6567,200,7,10,5635,1,4,1,1,1,0.0,1.0,0.0,0.0,0.0,0.0,0.0,0,0.0,0.0,3,7
c0f5d84e-d5fb-491e-b463-408318feb1be,2025-05-29 21:53:12,52,Staff,/patient/scheduling,200,6,12,9419,21,3,1,1,1,1.0,0.0,0.0,0.0,0.0,0.0,0.0,0,0.0,0.0,3,6
b326bff6-cff9-44c3-8979-331e78230e9d,2025-07-18 03:18:17,52,Staff,/pharmacy/refills/9141,200,7,10,8475,3,4,1,1,1,0.0,1.0,0.0,0.0,0.0,0.0,0.0,0,0.0,0.0,3,7
144b9d8d-7402-4b25-bab2-e0060c952f9a,2025-04-29 04:15:41,53,Staff,/patient/scheduling,200,6,12,9419,4,1,1,1,1,0.0,1.0,0.0,0.0,0.0,0.0,0.0,0,0.0,0.0,3,6
b4fc8b5d-5ed2-4348-a1b3-c49a44f97e50,2025-04-30 19:06:46,53,Staff,/pharmacy/refills/5162,302,7,10,4075,19,2,0,1,1,0.0,0.0,0.0,0.0,0.0,1.0,0.0,0,0.0,0.0,3,7
ff38d8b0-05c6-4ed6-870c-d3223a73641f,2025-05-11 19:20:03,53,Staff,/patient/scheduling,302,6,12,9419,19,6,0,1,1,0.0,1.0,0.0,0.0,0.0,0.0,0.0,0,0.0,0.0,3,6
3c0305f6-dc8b-4643-bd76-7ddcedfff32f,2025-05-20 21:47:28,53,Staff,/patient/invoices/8047?export=true&limit=400,200,6,4,7270,21,1,1,1,1,0.0,0.0,1.0,0.0,0.0,0.0,0.0,0,0.0,0.0,3,6
6d40ad85-7fb6-474c-9d15-8579ac2e2b53,2025-06-08 20:50:11,53,Staff,/patient/invoices/8920?export=true&limit=400,200,6,4,8231,20,6,0,1,1,0.0,0.0,0.0,0.0,0.0,1.0,0.0,0,0.0,0.0,3,6
4d911638-fd13-47f4-bed0-796c6daa5036,2025-07-12 23:36:16,53,Staff,/billing/invoices/3694?export=true&limit=500,403,1,4,2583,23,5,1,0,1,0.0,0.0,0.0,0.0,0.0,1.0,0.0,0,0.0,0.0,3,1
277cd15e-8b39-4e01-b5ab-b04f4a8e8084,2025-05-08 02:41:25,54,Staff,/pharmacy/orders/8804,200,7,8,8103,2,3,1,1,1,0.0,1.0,0.0,0.0,0.0,0.0,0.0,0,0.0,0.0,3,7
2e330e7b-f734-420f-bac3-8cee135aca5e,2025-05-10 23:57:10,54,Staff,/pharmacy/orders/8149,302,7,8,7382,23,5,1,1,1,0.0,1.0,0.0,0.0,0.0,0.0,0.0,0,0.0,0.0,3,7
7cef4d54-4084-4082-8da9-f6cb88ca1319,2025-05-27 22:46:37,54,Staff,/patient/scheduling,200,6,12,9419,22,1,1,1,1,0.0,0.0,0.0,0.0,0.0,1.0,0.0,0,0.0,0.0,3,6
f482d0ed-7b4c-43d7-bcbe-ee6a4442462e,2025-06-15 12:25:21,54,Staff,/claims/status/6155,200,2,14,5178,12,6,0,1,1,0.0,0.0,0.0,0.0,0.0,0.0,1.0,0,0.0,0.0,3,2
8195eb99-8476-4d70-b045-991a9f99f917,2025-07-09 17:27:57,54,Staff,/lab/tests/8199,302,4,15,7437,17,2,0,1,1,0.0,0.0,0.0,0.0,0.0,1.0,0.0,0,0.0,0.0,3,4
6bc44dd2-bb2b-4b95-9f55-35964de85e00,2025-05-05 16:39:49,55,Staff,/pharmacy/orders/9886,200,7,8,9292,16,0,0,1,1,0.0,1.0,0.0,0.0,0.0,0.0,0.0,0,0.0,0.0,3,7
b6dcf8ec-ad96-43db-baed-adcfe1f389b6,2025-05-08 21:02:49,55,Staff,/inventory/items/6010?export=true&limit=300,500,3,5,5018,21,3,1,1,1,0.0,0.0,0.0,0.0,0.0,1.0,0.0,0,0.0,0.0,3,3
1c4a56e7-ebf1-4c92-b4bf-cd5eea3f3e2f,2025-05-17 20:24:24,55,Staff,/claims/status/3935,200,2,14,2825,20,5,0,1,1,0.0,1.0,0.0,0.0,0.0,0.0,0.0,0,0.0,0.0,3,2
5cd24b6a-c880-4dab-a7f0-5fb5721f3bb9,2025-06-27 21:26:58,55,Staff,/lab/results/9483,201,4,11,8851,21,4,1,1,1,0.0,0.0,1.0,0.0,0.0,0.0,0.0,0,0.0,0.0,3,4
72f7d338-babe-429d-a795-ca368f3baf0b,2025-07-11 19:02:54,55,Staff,/claims/status/6265,200,2,14,5300,19,4,0,1,1,0.0,1.0,0.0,0.0,0.0,0.0,0.0,0,0.0,0.0,3,2
11956ae0-750a-495a-b86f-779a544ae2f2,2025-04-27 00:55:08,56,Staff,/patient/scheduling,200,6,12,9419,0,6,1,1,1,0.0,0.0,0.0,0.0,0.0,1.0,0.0,0,0.0,0.0,3,6
ad767a67-b8f7-46f3-a541-a4070e60f869,2025-06-10 23:44:57,56,Staff,/pharmacy/refills/9547,200,7,10,8921,23,1,1,1,1,0.0,0.0,0.0,0.0,0.0,0.0,1.0,0,0.0,0.0,3,7
9b2f3587-81d6-4786-835b-103e57db55b1,2025-05-18 03:29:26,58,Staff,/pharmacy/orders/9225,500,7,8,8567,3,6,1,1,1,0.0,0.0,0.0,0.0,0.0,0.0,1.0,0,0.0,0.0,3,7
974e1bea-7d8a-45ec-aea3-a69e4e67f143,2025-06-26 02:37:14,58,Staff,/pharmacy/orders/5605,500,7,8,4567,2,3,1,1,1,0.0,1.0,0.0,0.0,0.0,0.0,0.0,0,0.0,0.0,3,7
4dca05c8-0867-4043-930f-7efb223e8d30,2025-07-14 18:50:26,58,Staff,/lab/results/9683,200,4,11,9070,18,0,0,1,1,0.0,0.0,0.0,0.0,0.0,1.0,0.0,0,0.0,0.0,3,4
ee87b590-2a17-4e8a-b39f-879b0531c3e9,2025-07-17 20:50:19,58,Staff,/patient/invoices/8504?export=true&limit=400,200,6,4,7773,20,3,0,1,1,0.0,0.0,0.0,0.0,0.0,1.0,0.0,0,0.0,0.0,3,6
f5c66756-42d9-4ace-98d9-dbdb47313b47,2025-07-18 02:54:18,58,Staff,/pharmacy/refills/5457,304,7,10,4402,2,4,1,1,1,0.0,0.0,0.0,0.0,0.0,0.0,1.0,0,0.0,0.0,3,7
e910b2b6-36d4-43ed-87ae-57dd1221a283,2025-05-11 04:10:23,59,Staff,/claims/status/9380,200,2,14,8738,4,6,1,1,1,0.0,0.0,0.0,0.0,0.0,1.0,0.0,0,0.0,0.0,3,2
e75b45f7-3b2d-41e1-aeae-7cfeb70653d2,2025-06-04 01:57:13,59,Staff,/pharmacy/refills/7585,200,7,10,6761,1,2,1,1,1,0.0,0.0,0.0,0.0,0.0,0.0,1.0,0,0.0,0.0,3,7
de986066-810f-4e06-ad7b-21459b534cd4,2025-06-19 20:58:51,59,Staff,/claims/status/9608,304,2,14,8987,20,3,0,1,1,0.0,0.0,0.0,0.0,0.0,1.0,0.0,0,0.0,0.0,3,2
2f685cd3-0db6-4b4d-93a1-20199c0d4119,2025-05-01 00:26:56,60,Staff,/lab/results/9009,200,4,11,8329,0,3,1,1,1,0.0,0.0,0.0,0.0,0.0,0.0,1.0,0,0.0,0.0,3,4
ada09684-6b03-4bc1-bea6-e2c102429ebe,2025-06-04 02:18:04,60,Staff,/pharmacy/orders/7233,200,7,8,6374,2,2,1,1,1,0.0,0.0,0.0,0.0,0.0,1.0,0.0,0,0.0,0.0,3,7
3c331680-f16d-4866-92fe-b00b3294ceb8,2025-06-09 15:57:26,60,Staff,/inventory/items/5286?export=true&limit=300,200,3,5,4212,15,0,0,1,1,0.0,0.0,0.0,0.0,0.0,1.0,0.0,0,0.0,0.0,3,3
dbe0326b-63f2-4929-9b2c-4dfeb922ac59,2025-06-15 21:42:34,60,Staff,/patient/scheduling,302,6,12,9419,21,6,1,1,1,0.0,1.0,0.0,0.0,0.0,0.0,0.0,0,0.0,0.0,3,6
6b300eec-7963-4eb6-9566-1bd4ed3acb43,2025-07-04 23:36:38,60,Staff,/patient/scheduling,302,6,12,9419,23,4,1,1,1,0.0,1.0,0.0,0.0,0.0,0.0,0.0,0,0.0,0.0,3,6
7151a1f5-2373-49ef-99dc-71c42f02498a,2025-05-26 13:28:20,61,Admin,/admin/users/63,304,0,16,5338,13,0,0,1,1,0.0,1.0,0.0,0.0,0.0,0.0,0.0,0,0.0,0.0,0,0
88a45dc6-e4fc-4010-87f1-7ac4088591d7,2025-06-22 00:05:12,61,Admin,/admin/settings/61,200,0,13,5116,0,6,1,1,1,0.0,1.0,0.0,0.0,0.0,0.0,0.0,0,0.0,0.0,0,0
3a6a370a-b007-4365-b492-6df4f9295432,2025-07-09 12:46:55,61,Admin,/admin/logs,200,0,7,9419,12,2,0,1,1,0.0,0.0,0.0,0.0,0.0,1.0,0.0,0,0.0,0.0,0,0
077003b4-8fd7-47d3-8341-d11efbc7734b,2025-07-18 03:18:10,61,Admin,/admin/users/65,200,0,16,5560,3,4,1,1,1,0.0,1.0,0.0,0.0,0.0,0.0,0.0,0,0.0,0.0,0,0
b873aa41-9951-4ef7-938b-07bba5cd5e1c,2025-05-03 01:43:00,62,Admin,/admin/settings/67,200,0,13,5782,1,5,1,1,1,0.0,1.0,0.0,0.0,0.0,0.0,0.0,0,0.0,0.0,0,0
f473759d-44f6-4175-9033-0128301545db,2025-05-27 00:35:13,64,Admin,/admin/settings/61,200,0,13,5116,0,1,1,1,1,0.0,1.0,0.0,0.0,0.0,0.0,0.0,0,0.0,0.0,0,0
fe9c32de-40f6-48d1-91b1-78670226e0ea,2025-06-08 00:15:52,65,Admin,/admin/users/70,200,0,16,6116,0,6,1,1,1,0.0,1.0,0.0,0.0,0.0,0.0,0.0,0,0.0,0.0,0,0
c6a0705d-a561-45e2-8fc8-9e9125187f42,2025-07-18 23:03:12,65,Admin,/admin/users/70,200,0,16,6116,23,4,1,1,1,0.0,1.0,0.0,0.0,0.0,0.0,0.0,0,0.0,0.0,0,0
bbb97f4b-29ad-4ec6-81f6-6d9130b68770,2025-06-02 00:27:52,67,Admin,/admin/settings/64,200,0,13,5449,0,0,1,1,1,0.0,1.0,0.0,0.0,0.0,0.0,0.0,0,0.0,0.0,0,0
16726000-7b10-4362-8fd0-a58b10c2ccf5,2025-05-28 03:28:35,68,Admin,/patient/records/7138?export=true&limit=1000,201,6,9,6269,3,2,1,1,1,0.0,0.0,0.0,0.0,0.0,1.0,0.0,0,0.0,0.0,0,6
357c3e5f-c430-4552-8754-77a9cdfe8443,2025-05-31 22:34:44,68,Admin,/admin/settings/68,403,0,13,5893,22,5,1,1,1,0.0,1.0,0.0,0.0,0.0,0.0,0.0,0,0.0,0.0,0,0
dbdc442e-9a5f-4092-a94a-1b9b3958a087,2025-07-12 15:22:12,68,Admin,/admin/settings/66,201,0,13,5671,15,5,0,1,1,1.0,0.0,0.0,0.0,0.0,0.0,0.0,0,0.0,0.0,0,0
54c46342-e026-4fb8-b932-b9e2b7cdeb3c,2025-05-26 21:33:15,70,Admin,/admin/logs,200,0,7,9419,21,0,1,1,1,0.0,0.0,0.0,0.0,0.0,1.0,0.0,0,0.0,0.0,0,0
0e4f8ba1-4a55-4e04-b755-f94c00ad8f0d,2025-05-30 23:38:17,70,Admin,/admin/users/68,200,0,16,5893,23,4,1,1,1,0.0,1.0,0.0,0.0,0.0,0.0,0.0,0,0.0,0.0,0,0
